AceSolid8709223,https://aoe4world.com/players/8437565
SkWizZ_Sk1pper,https://aoe4world.com/players/10194691
Zerkan,https://aoe4world.com/players/8302633
philosorc,https://aoe4world.com/players/9281540
PSR.Trakor,https://aoe4world.com/players/1712108
Naejry,https://aoe4world.com/players/3388442
Lyralia,https://aoe4world.com/players/6492127
El Pietro KING,https://aoe4world.com/players/1584683
Dicynator,https://aoe4world.com/players/6377753
SkWizZ_Wraith,https://aoe4world.com/players/273512-SkWizZ_Wraith
KyOtO,https://aoe4world.com/players/2793730
SkWizZ_MUUUULfar,https://aoe4world.com/players/2905696
TarroGangz,https://aoe4world.com/players/8698692
Bouh'roh,https://aoe4world.com/players/4711473
SymbioseLegend,https://aoe4world.com/players/7046302-SymbioseLegend
LaGastonnade,https://aoe4world.com/players/8636174
Kaitoz,https://aoe4world.com/players/7170346
SkWizZ_VeridisQuo,https://aoe4world.com/players/255530-SkWizZ_VeridisQuo
wechcocoo,https://aoe4world.com/players/10162619
OrLuc72,https://aoe4world.com/players/8885686
Jaykz,https://aoe4world.com/players/907141
Jaune IV,https://aoe4world.com/players/2391413-Jaune-IV
Staker,https://aoe4world.com/players/7716086
P0lackk1223,https://aoe4world.com/players/7274743
TippierJester96,https://aoe4world.com/players/8663441
AngeIlous,https://aoe4world.com/players/8710773
Steph_mountain,https://aoe4world.com/players/9700832
ColvertEte86314,https://aoe4world.com/players/6453348
R$.$phynx.[TTV],https://aoe4world.com/players/7069033
SpYkeR,https://aoe4world.com/players/1345259
FDC Kronos,https://aoe4world.com/players/6670483-FDC-Kronos
azmog117,https://aoe4world.com/players/7477034
Vegeta,https://aoe4world.com/players/7219954
Bimbamboui,https://aoe4world.com/players/5646747
GoldenDestiny,https://aoe4world.com/players/8635219
Dr.Chocco,https://aoe4world.com/players/7584280
PSR.Draldrin,https://aoe4world.com/players/1155996
T@Ng3,https://aoe4world.com/players/1213366
mescaline,https://aoe4world.com/players/7158307
Bat,https://aoe4world.com/players/1102475
MarChav,https://aoe4world.com/players/10063226
Nono,https://aoe4world.com/players/7082416
green__grove,https://aoe4world.com/players/7358412
Ishlavinish,https://aoe4world.com/players/2000634
CreaMly_,https://aoe4world.com/players/4729700
APECedoow,https://aoe4world.com/players/10158082
cro√ªtonrp,https://aoe4world.com/players/10998468
PedrolaneTV,https://aoe4world.com/players/9218349
Lemegot,https://aoe4world.com/players/10011971
Ppain,https://aoe4world.com/players/9573787
Le Grand Mugul,https://aoe4world.com/players/4927615
wwwHodorfuckCerseicom,https://aoe4world.com/players/1386729
Spinal,https://aoe4world.com/players/7589666
SkWizZ_Oli,https://aoe4world.com/players/4129144